datestr	timestr	name	content	send_type	year	month	day	weekday	length	param0_key	param0_val	param1_key	param1_val
2022/06/15(æ°´)	12:07	ä¸€è‘‰	ã¯ã‚‹ãªã•ã‚“ï¼18ã„ã‘ãªã„ã§ã™ã™ã¿ã¾ã›ã‚“ğŸ’¦	text	2022	06	15	æ°´	20	url_num	0	url_remove_length	20
2022/06/15(æ°´)	12:12	ã¯ã‚‹ãª	ãŠã£ã‘ãƒ¼ï¼	text	2022	06	15	æ°´	5	url_num	0	url_remove_length	5
2022/06/15(æ°´)	14:14	ä¸€è‘‰	1å¹´ç”ŸãŒæ—¥ã«ã¡åˆ†ã‹ã‚Œã¦ã„ãã®ã£ã¦å¯èƒ½ã§ã™ã‹ã­ã€ï¼Ÿï¼Ÿ	text	2022	06	15	æ°´	25	url_num	0	url_remove_length	25
2022/06/15(æ°´)	14:21	ã¯ã‚‹ãª	å¤§ä¸ˆå¤«ã ã‚ˆã€œï¼	text	2022	06	15	æ°´	7	url_num	0	url_remove_length	7
2022/06/15(æ°´)	14:22	ã¯ã‚‹ãª	ã„ã¡ã¯ä»¥å¤–ã®å­ã‚‚åœŸæ—¥ã©ã£ã¡ã‹ã ã‘ã£ã¦ã“ã¨ï¼Ÿ	text	2022	06	15	æ°´	21	url_num	0	url_remove_length	21
2022/06/15(æ°´)	14:26	ä¸€è‘‰	ãã†ã§ã™ï¼2.3ã¨ã‹ã§åˆ†ã‹ã‚Œã¦ã„ãã®ã¯ã©ã†ã‹ã£ã¦è©±ã—ã¦ãŸã‚“ã§ã™ã‘ã©ã€ã€å¤§ä¸ˆå¤«ã§ã™ã‹ã­ï¼Ÿï¼Ÿ	text	2022	06	15	æ°´	44	url_num	0	url_remove_length	44
2022/06/15(æ°´)	14:29	ã¯ã‚‹ãª	äº†è§£ï¼ã©ã£ã¡ã®æ—¥ã«ä½•äººè¡Œã‘ã‚‹ã‹ã ã‘æ•™ãˆã¦ãã‚Œã‚‹ï¼Ÿ	text	2022	06	15	æ°´	24	url_num	0	url_remove_length	24
2022/06/15(æ°´)	14:33	ä¸€è‘‰	äº†è§£ã§ã™ï¼æ±ºã¾ã‚Šæ¬¡ç¬¬é€£çµ¡ã—ã¾ã™ğŸ™‡â€â™‚ï¸	text	2022	06	15	æ°´	19	url_num	0	url_remove_length	19
2022/06/15(æ°´)	16:26	ä¸€è‘‰	3.3ã§è¡Œãã¾ã™ï¼	text	2022	06	15	æ°´	9	url_num	0	url_remove_length	9
2022/06/15(æ°´)	16:36	ã¯ã‚‹ãª	ã‚ã‹ã£ãŸï¼	text	2022	06	15	æ°´	5	url_num	0	url_remove_length	5
2022/06/15(æ°´)	21:33	ã¯ã‚‹ãª	ã“ã‚Œã‚†ã†ã•ã‚‚å…¥ã£ã¦ã‚‹ã€œï¼Ÿ	text	2022	06	15	æ°´	12	url_num	0	url_remove_length	12
2022/06/15(æ°´)	21:33	ä¸€è‘‰	ã‚†ã†ã•ã‚‚ãµãã‚“ã§ã¾ã™ï¼	text	2022	06	15	æ°´	11	url_num	0	url_remove_length	11
2022/06/15(æ°´)	21:34	ã¯ã‚‹ãª	ãŠã‘ï¼ã‚ã‚ŠãŒã¨ã†ï¼	text	2022	06	15	æ°´	9	url_num	0	url_remove_length	9
2022/06/15(æ°´)	21:34	ä¸€è‘‰	ã¯ã„ï¼	text	2022	06	15	æ°´	4	url_num	0	url_remove_length	4
2022/06/19(æ—¥)	22:38	ã¯ã‚‹ãª	ã„ã¡ã¯ã£ã¦ãƒ¦ãƒ‹ãƒ•ã‚©ãƒ¼ãƒ å¯®ã‚°ãƒ©ã«ã‚ã‚‹ã‚„ã¤è²·ã†ï¼Ÿ	text	2022	06	19	æ—¥	22	url_num	0	url_remove_length	22
2022/06/19(æ—¥)	22:39	ä¸€è‘‰	ã„ã‚„ã€18 mã§é ¼ã‚“ã ã‚“ã ã¨æ€ã†ã‚“ã§ã™ã‘ã©ã€ã€	text	2022	06	19	æ—¥	23	url_num	0	url_remove_length	23
2022/06/19(æ—¥)	22:39	ä¸€è‘‰	å¯®ã‚°ãƒ©ã«ãªã‹ã£ãŸã§ã™ã‚ˆã­ï¼Ÿï¼Ÿ	text	2022	06	19	æ—¥	14	url_num	0	url_remove_length	14
2022/06/19(æ—¥)	22:40	ã¯ã‚‹ãª	ã‚ã€ç„¡ã‹ã£ãŸã®ã‹ã€ã”ã‚ã‚“ï¼	text	2022	06	19	æ—¥	13	url_num	0	url_remove_length	13
2022/06/19(æ—¥)	22:40	ã¯ã‚‹ãª	ã˜ã‚ƒã‚é ¼ã‚“ã§ã‚‹ã‚ï¼å¤§ä¸ˆå¤«ï¼	text	2022	06	19	æ—¥	13	url_num	0	url_remove_length	13
2022/06/19(æ—¥)	22:41	ä¸€è‘‰	ã¯ã„ï¼ã‚ã‚ŠãŒã¨ã†ã”ã–ã„ã¾ã™	text	2022	06	19	æ—¥	14	url_num	0	url_remove_length	14
2022/06/21(ç«)	19:43	ä¸€è‘‰	ä»Šæ—¥ç·´ç¿’ãªã„ã§ã™ã‚ˆã­ï¼Ÿï¼Ÿ	text	2022	06	21	ç«	12	url_num	0	url_remove_length	12
2022/06/21(ç«)	19:43	ã¯ã‚‹ãª	ãªã„ã§ã™ï¼	text	2022	06	21	ç«	5	url_num	0	url_remove_length	5
2022/06/21(ç«)	19:43	ä¸€è‘‰	äº†è§£ã§ã™ï¼	text	2022	06	21	ç«	6	url_num	0	url_remove_length	6
2022/07/07(æœ¨)	14:19	ä¸€è‘‰	ä»Šæ—¥æ˜¼ç·´ã‚ã‚Šã¾ã™ã‹ï¼Ÿï¼Ÿ	text	2022	07	07	æœ¨	11	url_num	0	url_remove_length	11
2022/07/07(æœ¨)	14:21	ã¯ã‚‹ãª	ä»Šã‹ã‚‰é›¨é™ã‚‹ã—å¤šåˆ†ç„¡ããªã‚‹ğŸ˜­	text	2022	07	07	æœ¨	14	url_num	0	url_remove_length	14
2022/07/07(æœ¨)	14:21	ä¸€è‘‰	äº†è§£ã§ã™ï¼	text	2022	07	07	æœ¨	5	url_num	0	url_remove_length	5
2022/07/07(æœ¨)	14:21	ä¸€è‘‰	å¤œç·´ã¯ã‚ã‚Šãã†ã§ã™ã‹ã­ã€	text	2022	07	07	æœ¨	12	url_num	0	url_remove_length	12
2022/07/07(æœ¨)	14:22	ã¯ã‚‹ãª	å¤œã¯å¤šåˆ†ã‚ã‚‹ï¼	text	2022	07	07	æœ¨	7	url_num	0	url_remove_length	7
2022/07/07(æœ¨)	14:22	ä¸€è‘‰	ã‚ã‹ã‚Šã¾ã—ãŸï¼	text	2022	07	07	æœ¨	7	url_num	0	url_remove_length	7
2022/07/07(æœ¨)	14:22	ã¯ã‚‹ãª	ä¸€æ—¦æ§˜å­è¦‹ã¦16æ™‚ã‹ã‚‰ã¨ã‹ã«ãªã‚‹ã‹ã‚‚	text	2022	07	07	æœ¨	18	url_num	0	url_remove_length	18
2022/07/07(æœ¨)	14:30	ä¸€è‘‰	ãŠã‘ã§ã™ï¼	text	2022	07	07	æœ¨	6	url_num	0	url_remove_length	6
2022/07/09(åœŸ)	11:53	ä¸€è‘‰	ä»Šæ—¥å››æ™‚ã‹ã‚‰ã§ã™ã‹ï¼Ÿï¼Ÿ	text	2022	07	09	åœŸ	11	url_num	0	url_remove_length	11
2022/07/09(åœŸ)	11:54	ã¯ã‚‹ãª	ãã†ï¼ã”ã‚ã‚“ã­ã‚ˆã‚ã—ãï¼	text	2022	07	09	åœŸ	12	url_num	0	url_remove_length	12
2022/07/09(åœŸ)	11:55	ä¸€è‘‰	äº†è§£ã§ã™ï¼	text	2022	07	09	åœŸ	6	url_num	0	url_remove_length	6
2022/07/13(æ°´)	13:20	ä¸€è‘‰	18-29ã¾ã§ã£ã¦ã‚µãƒ¼ã‚¯ãƒ«ãªã„æ„Ÿã˜ã§ã™ã‹ï¼Ÿï¼Ÿ	text	2022	07	13	æ°´	22	url_num	0	url_remove_length	22
2022/07/13(æ°´)	13:20	ä¸€è‘‰	ã‚ã¨ã€ãƒ†ã‚¹ãƒˆæœŸé–“ã£ã¦ãƒã‚¤ãƒˆå…¥ã‚Œãªã„ã‚ˆã†ã«ã—ã¦ã¾ã™ã‹ï¼Ÿï¼Ÿ	text	2022	07	13	æ°´	27	url_num	0	url_remove_length	27
2022/07/13(æ°´)	13:24	ã¯ã‚‹ãª	ãªã„ã‚ˆï¼	text	2022	07	13	æ°´	4	url_num	0	url_remove_length	4
2022/07/13(æ°´)	13:24	ã¯ã‚‹ãª	ç§ã¯ã»ã¼ãƒ¬ãƒãƒ¼ãƒˆã‚„ã‹ã‚‰æ™®é€šã«å…¥ã‚Œã¦ã‚‹ã—ã€ãªã‚“ãªã‚‰ã»ã‹ã®äººãŒå‡ºã‚Œãªã„ã‹ã‚‰ã„ã¤ã‚‚ã‚ˆã‚Šå¤šã„ã‹ãªğŸ˜­ç¬‘	text	2022	07	13	æ°´	46	url_num	0	url_remove_length	46
2022/07/13(æ°´)	13:26	ä¸€è‘‰	ã§ã™ã‚ˆã­ã€œã€œã€œï¼	text	2022	07	13	æ°´	8	url_num	0	url_remove_length	8
2022/07/13(æ°´)	13:26	ä¸€è‘‰	ãƒ†ã‚¹ãƒˆå°‘ãªã„ã‹ã‚‰å¤šåˆ†å¤§ä¸ˆå¤«ã§ã™ã‚ˆã­ã€ãƒ¬ãƒãƒ¼ãƒˆå‡ºã›ã°ï¼ï¼	text	2022	07	13	æ°´	27	url_num	0	url_remove_length	27
2022/07/13(æ°´)	15:02	ã¯ã‚‹ãª	ãƒ¬ãƒãƒ¼ãƒˆã‚‚å¤§å¤‰ã‚„ã‹ã‚‰è¿½ã‚ã‚Œã‚“ã‚ˆã†ã«ãŒã‚“ã°ã‚ğŸ˜­	text	2022	07	13	æ°´	22	url_num	0	url_remove_length	22
2022/07/13(æ°´)	16:38	ä¸€è‘‰	é ‘å¼µã‚Šã¾ã—ã‚‡ã†ğŸ˜­	text	2022	07	13	æ°´	8	url_num	0	url_remove_length	8
2022/07/13(æ°´)	22:15	ã¯ã‚‹ãª	[ã‚¹ã‚¿ãƒ³ãƒ—]	text	2022	07	13	æ°´	7	url_num	0	url_remove_length	7
2022/07/15(é‡‘)	12:20	ã¯ã‚‹ãª	é…è»Šé€ã£ãŸã‘ã©ã€ã„ã¡ã¯ã¨ã•ã°ãŒä¸€ç·’ã«ãªã‚‹ã‚ˆã†ã«å½“æ—¥å¤‰ãˆã‚‹ã­	text	2022	07	15	é‡‘	29	url_num	0	url_remove_length	29
2022/07/15(é‡‘)	12:22	ä¸€è‘‰	ã»ã‚“ã¨ã§ã™ã‹ï¼ã‚Šã»ã•ã‚“ã„ã‚‹ã®ã§å¤§ä¸ˆå¤«ã§ã™ã‚ˆï¼	text	2022	07	15	é‡‘	22	url_num	0	url_remove_length	22
2022/07/15(é‡‘)	12:22	ä¸€è‘‰	ã‚ã¨ç™½ãƒ¦ãƒ‹ãƒ•ã‚©ãƒ¼ãƒ ã‚‚ã‚‰ã£ã¦ãªã„ã‚“ã§ã™ã‘ã©çµ¶å¯¾ã‚‚ã‚‰ã£ãŸæ–¹ãŒã„ã„ã§ã™ã‹ï¼Ÿï¼Ÿ	text	2022	07	15	é‡‘	35	url_num	0	url_remove_length	35
2022/07/15(é‡‘)	12:22	ã¯ã‚‹ãª	ã‚Šã»é‹è»¢ã®å¯èƒ½æ€§ã‚‚ã‚ã‚‹ã‹ã‚‰ğŸ˜­	text	2022	07	15	é‡‘	14	url_num	0	url_remove_length	14
2022/07/15(é‡‘)	12:22	ã¯ã‚‹ãª	èª°ã‹ã‚‰ã‚‚ã‚‰ã£ã¦ãªã„ï¼Ÿï¼Ÿ	text	2022	07	15	é‡‘	11	url_num	0	url_remove_length	11
2022/07/15(é‡‘)	12:23	ä¸€è‘‰	å¤šåˆ†å¤§ä¸ˆå¤«ã§ã™ï¼ï¼	text	2022	07	15	é‡‘	9	url_num	0	url_remove_length	9
2022/07/15(é‡‘)	12:23	ä¸€è‘‰	ã‚†ã†ã‹ã•ã‚“ã§ã™	text	2022	07	15	é‡‘	7	url_num	0	url_remove_length	7
2022/07/15(é‡‘)	12:23	ä¸€è‘‰	é’ãƒ¦ãƒ‹ã ã‘ã‚‚ã‚‰ã„ã¾ã—ãŸï¼ï¼	text	2022	07	15	é‡‘	13	url_num	0	url_remove_length	13
2022/07/15(é‡‘)	12:23	ã¯ã‚‹ãª	ãŠã‘ï¼	text	2022	07	15	é‡‘	3	url_num	0	url_remove_length	3
2022/07/15(é‡‘)	12:24	ä¸€è‘‰	ã‚†ã†ã‹ã•ã‚“ã«ã‚‚ã‚‰ã£ãŸã»ã†ãŒã„ã„æ„Ÿã˜ã§ã™ã‹ï¼Ÿï¼Ÿ	text	2022	07	15	é‡‘	22	url_num	0	url_remove_length	22
2022/07/15(é‡‘)	12:24	ã¯ã‚‹ãª	ã‚ã‚Œã‚†ã†ã‹ã•ã‚“ã®ã˜ã‚ƒãªã„ã‹ã‚‰ã€ç§ãŒé€£çµ¡ã™ã‚‹ã­ï¼	text	2022	07	15	é‡‘	23	url_num	0	url_remove_length	23
2022/07/15(é‡‘)	12:26	ä¸€è‘‰	ã‚ã‚ŠãŒã¨ã†ã”ã–ã„ã¾ã™ï¼ï¼	text	2022	07	15	é‡‘	12	url_num	0	url_remove_length	12
2022/07/15(é‡‘)	12:34	ã¯ã‚‹ãª	[ã‚¹ã‚¿ãƒ³ãƒ—]	text	2022	07	15	é‡‘	7	url_num	0	url_remove_length	7
2022/07/21(æœ¨)	21:32	ä¸€è‘‰	16ã®ç·´ç¿’ã£ã¦çµ¶å¯¾å‚åŠ ã¿ãŸã„ãªæ„Ÿã˜ã§ã™ã‹ï¼Ÿï¼Ÿ	text	2022	07	21	æœ¨	22	url_num	0	url_remove_length	22
2022/07/21(æœ¨)	21:49	ã¯ã‚‹ãª	å‡ºæ¥ã‚Œã°ã§ã„ã„ã¨æ€ã†ã‚ˆï¼ç§ã‚‚ãã®æ—¥å¸°ã£ã¦ãã‚‹ã‹ã‚‰è¡Œã‘ã‚‹ã‹ã‚ã‹ã‚“ãªã„ã—ğŸ˜…	text	2022	07	21	æœ¨	35	url_num	0	url_remove_length	35
2022/07/21(æœ¨)	22:10	ä¸€è‘‰	ã‚ã‹ã‚Šã¾ã—ãŸï¼ï¼ğŸ˜…	text	2022	07	21	æœ¨	9	url_num	0	url_remove_length	9
2022/07/21(æœ¨)	22:15	ä¸€è‘‰	ä½•æ—¥ã‹ã‚‰è¡Œã‹ãªã‚ã‹ã‚“ã¨ã‹ã‚ã‚Šã¾ã™ã‹â‡	text	2022	07	21	æœ¨	18	url_num	0	url_remove_length	18
2022/07/21(æœ¨)	22:26	ã¯ã‚‹ãª	ä¸€å¿œ20ä½ã‹ã‚‰ã¯ãŠã£ãŸã»ã†ãŒã„ã„ã‹ãªã€ã€	text	2022	07	21	æœ¨	20	url_num	0	url_remove_length	20
2022/07/21(æœ¨)	22:26	ã¯ã‚‹ãª	åˆ†ã‹ã‚‰ã‚“ãªã€å­¦ç”Ÿã®ç·´ç¿’ã ã‹ã‚‰ä¸Šä¸­å¿ƒã‚„ã—ğŸ˜•	text	2022	07	21	æœ¨	21	url_num	0	url_remove_length	21
2022/07/22(é‡‘)	09:33	ä¸€è‘‰	äº†è§£ã§ã™ï¼ã‚ã‚ŠãŒã¨ã†ã”ã–ã„ã¾ã™ï¼ï¼	text	2022	07	22	é‡‘	17	url_num	0	url_remove_length	17
2022/07/22(é‡‘)	11:48	ã¯ã‚‹ãª	[ã‚¹ã‚¿ãƒ³ãƒ—]	text	2022	07	22	é‡‘	7	url_num	0	url_remove_length	7
2022/07/24(æ—¥)	00:17	ä¸€è‘‰	ç§ã¯ã„ã„ã§ã™ã‹ï¼Ÿï¼Ÿ	text	2022	07	24	æ—¥	9	url_num	0	url_remove_length	9
2022/07/24(æ—¥)	00:18	ã¯ã‚‹ãª	ã„ã¡ã¯ã†ã‚ãã‚‰ã®ãƒãƒ¼ãƒ ã«ç™»éŒ²ã•ã‚Œã¦ãªã„	text	2022	07	24	æ—¥	19	url_num	0	url_remove_length	19
2022/07/24(æ—¥)	00:18	ã¯ã‚‹ãª	ã¾ã ã‹ãªï¼Ÿ	text	2022	07	24	æ—¥	5	url_num	0	url_remove_length	5
2022/07/24(æ—¥)	00:19	ä¸€è‘‰	ãˆï¼ã»ã‚“ã¨ã§ã™ã‹ï¼Ÿï¼Ÿ	text	2022	07	24	æ—¥	10	url_num	0	url_remove_length	10
2022/07/24(æ—¥)	00:19	ã¯ã‚‹ãª	ãƒãƒ¼ãƒ ç”³è«‹ã—ãŸãƒ¼ï¼Ÿ	text	2022	07	24	æ—¥	9	url_num	0	url_remove_length	9
2022/07/24(æ—¥)	00:19	ä¸€è‘‰	ã©ã‚„ã£ã¦ã™ã‚‹ã‚“ã§ã™ã‹ï¼Ÿï¼Ÿ	text	2022	07	24	æ—¥	12	url_num	0	url_remove_length	12
2022/07/24(æ—¥)	00:20	ã¯ã‚‹ãª	[å†™çœŸ]	å†™çœŸ	2022	07	24	æ—¥	4				
2022/07/24(æ—¥)	00:20	ã¯ã‚‹ãª	ãƒãƒ¼ãƒ ç”³è«‹ã§Uwanosoraã§æ¤œç´¢ã—ã¦ï¼	text	2022	07	24	æ—¥	21	url_num	0	url_remove_length	21
2022/07/24(æ—¥)	00:20	ä¸€è‘‰	ã‚ã»ã‚“ã¨ã§ã™ã‹ï¼	text	2022	07	24	æ—¥	8	url_num	0	url_remove_length	8
2022/07/24(æ—¥)	00:20	ä¸€è‘‰	ã”ã‚ã‚“ã‚„ã‚Œã¦ãªã‹ã£ãŸã§ã™ğŸ™‡	text	2022	07	24	æ—¥	13	url_num	0	url_remove_length	13
2022/07/24(æ—¥)	00:21	ã¯ã‚‹ãª	å¤§ä¸ˆå¤«ã‚ˆï¼	text	2022	07	24	æ—¥	5	url_num	0	url_remove_length	5
2022/07/24(æ—¥)	01:12	ä¸€è‘‰	å¤šåˆ†ã§ããŸã¨æ€ã†ã‚“ã§ã™ã‘ã©	text	2022	07	24	æ—¥	13	url_num	0	url_remove_length	13
2022/07/24(æ—¥)	01:12	ä¸€è‘‰	ã§ãã¦ã¾ã™ã‹ã­ï¼Ÿï¼Ÿ	text	2022	07	24	æ—¥	9	url_num	0	url_remove_length	9
2022/07/24(æ—¥)	01:13	ã¯ã‚‹ãª	æ¥ãŸï¼	text	2022	07	24	æ—¥	3	url_num	0	url_remove_length	3
2022/07/24(æ—¥)	01:13	ã¯ã‚‹ãª	é™å²¡çœŒãƒ•ãƒ©ã‚¤ãƒ³ã‚°ãƒ‡ã‚£ã‚¹ã‚¯å”ä¼šã«æ‰€å±ã™ã‚‹ã‚„ã‚Šæ–¹ã‚ã‹ã‚‹ï¼Ÿ	text	2022	07	24	æ—¥	26	url_num	0	url_remove_length	26
2022/07/24(æ—¥)	01:14	ä¸€è‘‰	ã‚ã‹ã‚‰ãªã„ã§ã™	text	2022	07	24	æ—¥	7	url_num	0	url_remove_length	7
2022/07/24(æ—¥)	01:14	ä¸€è‘‰	è¿·æƒ‘ã‹ã‘ã¦æœ¬å½“ã«ç”³ã—è¨³ãªã„ã§ã™ğŸ™‡â€â™‚ï¸	text	2022	07	24	æ—¥	19	url_num	0	url_remove_length	19
2022/07/24(æ—¥)	01:19	ã¯ã‚‹ãª	ä¼šè²»ã®ãŠæ”¯æ‰•ã„ã£ã¦ã¨ã“ã‚ã‹ã‚‰å‡ºæ¥ã‚‹ï¼	text	2022	07	24	æ—¥	18	url_num	0	url_remove_length	18
2022/07/24(æ—¥)	01:19	ã¯ã‚‹ãª	å¤§ä¸ˆå¤«ã ã‚ˆï¼èª¬æ˜ä¸è¶³ã§ã”ã‚ã‚“ã­ğŸ™‡ğŸ»â€â™€ï¸	text	2022	07	24	æ—¥	20	url_num	0	url_remove_length	20
2022/07/24(æ—¥)	01:20	ã¯ã‚‹ãª	ä¼šå“¡æƒ…å ±â†’ä¼šè²»ã®ãŠæ”¯æ‰•ã„	text	2022	07	24	æ—¥	12	url_num	0	url_remove_length	12
2022/07/24(æ—¥)	01:25	ä¸€è‘‰	äº†è§£ã§ã™ï¼ã‚ã‚ŠãŒã¨ã†ã”ã–ã„ã¾ã™ğŸ˜Š	text	2022	07	24	æ—¥	16	url_num	0	url_remove_length	16
2022/07/24(æ—¥)	01:28	ã¯ã‚‹ãª	ã¯ãƒ¼ã„ï¼ï¼	text	2022	07	24	æ—¥	5	url_num	0	url_remove_length	5
2022/07/24(æ—¥)	01:30	ä¸€è‘‰	å¤ä¼‘ã¿ã®ç·´ç¿’çµæ§‹è¡Œã‘ãªã‹ã£ãŸã‚‰ç™½ã„ç›®ã§è¦‹ã‚‰ã‚Œã¡ã‚ƒã„ã¾ã™ã‹ã­ã€ã€ï¼Ÿ	text	2022	07	24	æ—¥	32	url_num	0	url_remove_length	32
2022/07/24(æ—¥)	01:31	ã¯ã‚‹ãª	ç¬‘ç¬‘	text	2022	07	24	æ—¥	2	url_num	0	url_remove_length	2
2022/07/24(æ—¥)	01:31	ã¯ã‚‹ãª	ä¸€å¹´ç”Ÿã¯å­¦ç”Ÿã»ã¨ã‚“ã©å‡ºãªã„ã—ã€9æœˆå¤§ä¼šãªã„ã—å¤§ä¸ˆå¤«ã ã¨æ€ã†ã‚ˆï¼	text	2022	07	24	æ—¥	31	url_num	0	url_remove_length	31
2022/07/24(æ—¥)	01:31	ã¯ã‚‹ãª	2å¹´ã‚‚ã„ã£ã±ã„ä¼‘ã‚€ã‚ˆã€œ	text	2022	07	24	æ—¥	11	url_num	0	url_remove_length	11
2022/07/24(æ—¥)	01:31	ä¸€è‘‰	è»Šæ ¡åˆå®¿ã¨ã‹å¸°çœã¨ã‹é‡ãªã£ã¦ã„ã‘ãªãã†ãªã‚“ã§ã™ã‚ˆã­ã€ã€	text	2022	07	24	æ—¥	27	url_num	0	url_remove_length	27
2022/07/24(æ—¥)	01:31	ä¸€è‘‰	ã‚ã£ã¡ã‚ƒå¿ƒé…ã§ã™ç¬‘	text	2022	07	24	æ—¥	9	url_num	0	url_remove_length	9
2022/07/24(æ—¥)	01:31	ã¯ã‚‹ãª	4å¹´ç”Ÿã¯å¼•é€€ã™ã‚‹ã—ï¼	text	2022	07	24	æ—¥	10	url_num	0	url_remove_length	10
2022/07/24(æ—¥)	01:32	ã¯ã‚‹ãª	è»Šæ ¡ãªã‚‰ä»•æ–¹ãªã„ã‚ˆï¼ï¼	text	2022	07	24	æ—¥	11	url_num	0	url_remove_length	11
2022/07/24(æ—¥)	01:32	ã¯ã‚‹ãª	å¸°çœã‚‚å¤§ä¸ˆå¤«ğŸ‘Œ	text	2022	07	24	æ—¥	7	url_num	0	url_remove_length	7
2022/07/24(æ—¥)	01:32	ä¸€è‘‰	æ—…è¡Œã‚‚å¤§ä¸ˆå¤«ã§ã™ã‹ã­ï¼Ÿï¼Ÿ	text	2022	07	24	æ—¥	12	url_num	0	url_remove_length	12
2022/07/24(æ—¥)	01:32	ä¸€è‘‰	ç¬‘	text	2022	07	24	æ—¥	1	url_num	0	url_remove_length	1
2022/07/24(æ—¥)	01:32	ã¯ã‚‹ãª	äººå±…ãªã•ã™ãã¦ç·´ç¿’ç„¡ããªã‚‹ã“ã¨ã‚‚ã‚ã‚‹ã—ç¬‘ç¬‘	text	2022	07	24	æ—¥	21	url_num	0	url_remove_length	21
2022/07/24(æ—¥)	01:32	ã¯ã‚‹ãª	å¤§ä¸ˆå¤«ã‚ˆğŸ‘ğŸ»	text	2022	07	24	æ—¥	6	url_num	0	url_remove_length	6
2022/07/24(æ—¥)	01:32	ä¸€è‘‰	ã»ã‚“ã¨ã§ã™ã‹ç¬‘ç¬‘	text	2022	07	24	æ—¥	8	url_num	0	url_remove_length	8
2022/07/24(æ—¥)	01:32	ä¸€è‘‰	ã™ã”ã„å¿ƒé…ã§ã—ã¦ã€ã€	text	2022	07	24	æ—¥	10	url_num	0	url_remove_length	10
2022/07/24(æ—¥)	01:33	ã¯ã‚‹ãª	ãªã‚“ã‹è¨€ã†ã®ã‚†ã†ãªã•ã‚“ãã‚‰ã„ã‚ˆç¬‘	text	2022	07	24	æ—¥	16	url_num	0	url_remove_length	16
2022/07/24(æ—¥)	01:33	ã¯ã‚‹ãª	æ°—ã«ã›ã‚“ã§ã„ã„ã‚ˆã€œ	text	2022	07	24	æ—¥	9	url_num	0	url_remove_length	9
2022/07/24(æ—¥)	01:33	ä¸€è‘‰	ãã‚ŒãŒ1ç•ªæ€–ã„ã§ã™ç¬‘	text	2022	07	24	æ—¥	10	url_num	0	url_remove_length	10
2022/07/24(æ—¥)	01:33	ä¸€è‘‰	ãã†è¨€ã£ã¦ãã‚Œã¦å°‘ã—å®‰å¿ƒã§ã™ç¬‘	text	2022	07	24	æ—¥	15	url_num	0	url_remove_length	15
2022/07/24(æ—¥)	01:33	ã¯ã‚‹ãª	å¤§ä¸ˆå¤«ã§ï¼ï¼ğŸ‘ğŸ»	text	2022	07	24	æ—¥	8	url_num	0	url_remove_length	8
2022/07/24(æ—¥)	01:34	ä¸€è‘‰	ã‚ã‚ŠãŒã¨ã†ã”ã–ã„ã¾ã™ï¼ï¼ç¬‘	text	2022	07	24	æ—¥	13	url_num	0	url_remove_length	13
2022/07/24(æ—¥)	01:36	ã¯ã‚‹ãª	[ã‚¹ã‚¿ãƒ³ãƒ—]	ã‚¹ã‚¿ãƒ³ãƒ—	2022	07	24	æ—¥	6				
2022/07/24(æ—¥)	13:22	system	ä¸€è‘‰ãŒãƒ¡ãƒƒã‚»ãƒ¼ã‚¸ã®é€ä¿¡ã‚’å–ã‚Šæ¶ˆã—ã¾ã—ãŸ	text	2022	07	24	æ—¥	20	url_num	0	url_remove_length	20
2022/07/25(æœˆ)	16:15	ä¸€è‘‰	8/6ã£ã¦ç·´ç¿’ã‚ã‚Šã¾ã™ã‹ï¼Ÿï¼Ÿ	text	2022	07	25	æœˆ	14	url_num	0	url_remove_length	14
2022/07/25(æœˆ)	17:01	ã¯ã‚‹ãª	ã‚ã‚‹ã‚ˆãƒ¼ï¼	text	2022	07	25	æœˆ	5	url_num	0	url_remove_length	5
2022/07/25(æœˆ)	18:48	ä¸€è‘‰	äº†è§£ã§ã™ğŸ«¡	text	2022	07	25	æœˆ	5	url_num	0	url_remove_length	5
2022/07/25(æœˆ)	19:27	ä¸€è‘‰	å¤ã®ç·´ç¿’ã£ã¦åŸºæœ¬1-10æ™‚ã§ã™ã‹ï¼Ÿï¼Ÿä½•å›ã‚‚ã™ã¿ã¾ã›ã‚“ğŸ™‡â€â™‚ï¸	text	2022	07	25	æœˆ	30	url_num	0	url_remove_length	30
2022/07/25(æœˆ)	19:44	ã¯ã‚‹ãª	å¤šåˆ†ãã†ã ã¨æ€ã†ã€ä¸€æ—¦å­¦ç”Ÿã¾ã§ã¯ï¼ãã®å¾Œã¯åˆ†ã‹ã‚‰ãªã„ã€œğŸ¥²	text	2022	07	25	æœˆ	28	url_num	0	url_remove_length	28
2022/07/25(æœˆ)	19:46	ä¸€è‘‰	ãƒã‚¤ãƒˆå…¨ç„¶å…¥ã‚Œã‚Œãªã„ã§ã™ã‚ˆã­ã€ã€	text	2022	07	25	æœˆ	16	url_num	0	url_remove_length	16
2022/07/25(æœˆ)	20:06	ã¯ã‚‹ãª	ãã‚Œãªã€œãªã„æ—¥ã«å…¥ã‚Œã‚‹ã‹æœåƒãã—ã‹ãªã„ğŸ™„	text	2022	07	25	æœˆ	20	url_num	0	url_remove_length	20
2022/07/25(æœˆ)	20:11	ä¸€è‘‰	"""ãã§ã™ã‚ˆã­ãƒ¼ã€ï¼<br>ã‚ã‚ŠãŒã¨ã†ã”ã–ã„ã¾ã—ãŸï¼"""	text	2022	07	25	æœˆ	23	url_num	0	url_remove_length	23
2022/07/25(æœˆ)	20:14	ã¯ã‚‹ãª	é€”ä¸­ã§æŠœã‘ã¦ã‚‚ã„ã„ã‚ˆï¼ï¼	text	2022	07	25	æœˆ	12	url_num	0	url_remove_length	12
2022/07/25(æœˆ)	20:14	ä¸€è‘‰	ã„ã„ã§ã™ã‹ã­ï¼Ÿï¼Ÿ	text	2022	07	25	æœˆ	8	url_num	0	url_remove_length	8
2022/07/25(æœˆ)	20:15	ã¯ã‚‹ãª	ç§ã¯æŠœã‘ã‚‹ã¨æ€ã†^ ^	text	2022	07	25	æœˆ	11	url_num	0	url_remove_length	11
2022/07/25(æœˆ)	20:16	ä¸€è‘‰	ã»ã‚“ã¨ã§ã™ã‹ï¼ç§ã‚‚æŠœã‘ã¾ã™ç¬‘	text	2022	07	25	æœˆ	14	url_num	0	url_remove_length	14
2022/07/25(æœˆ)	20:31	ã¯ã‚‹ãª	[ã‚¹ã‚¿ãƒ³ãƒ—]	text	2022	07	25	æœˆ	7	url_num	0	url_remove_length	7
2022/09/06(ç«)	23:35	ä¸€è‘‰	ã¯ã‚‹ãªã•ã‚“ã€10/2ã¯ãªã‚“ã‚‚ãªã„ã‚“ã§ã™ã‹ï¼Ÿï¼Ÿ	text	2022	09	06	ç«	22	url_num	0	url_remove_length	22
2022/09/06(ç«)	23:39	ã¯ã‚‹ãª	ãªã„ã§ã™ï¼ï¼	text	2022	09	06	ç«	6	url_num	0	url_remove_length	6
2022/09/06(ç«)	23:40	ä¸€è‘‰	äº†è§£ã§ã™ï¼ï¼	text	2022	09	06	ç«	7	url_num	0	url_remove_length	7
2022/09/07(æ°´)	13:22	ä¸€è‘‰	æ˜æ—¥ã®éƒ¨æ´»ã£ã¦ä½•æ™‚ã‹ã‚‰ä½•æ™‚ã§ã™ã‹ï¼Ÿ	text	2022	09	07	æ°´	17	url_num	0	url_remove_length	17
2022/09/07(æ°´)	14:21	ã¯ã‚‹ãª	é€£çµ¡ããŸãƒ¼ï¼	text	2022	09	07	æ°´	6	url_num	0	url_remove_length	6
2022/09/07(æ°´)	14:26	ä¸€è‘‰	åæ™‚ã¾ã§ã¿ãŸã„ã§ã™ã­ğŸ’¦	text	2022	09	07	æ°´	11	url_num	0	url_remove_length	11
2022/09/07(æ°´)	14:26	ã¯ã‚‹ãª	é•·ã„ã­ğŸ¥¹	text	2022	09	07	æ°´	4	url_num	0	url_remove_length	4
2022/09/07(æ°´)	14:27	ã¯ã‚‹ãª	ã‚†ã´ã•ã‚“å¸°ã£ã¦ãã¦ç”·å­ãŒçŸ­ããªã£ãŸã‚‰çŸ­ããªã‚‹ã¨æ€ã†ã‘ã©â€¦ğŸ˜…	text	2022	09	07	æ°´	29	url_num	0	url_remove_length	29
2022/09/07(æ°´)	14:27	ä¸€è‘‰	ã“ã‚Œã£ã¦é€£çµ¡ã‚†ã†ãªã•ã‚“ã«ã“ã¡ã‚ƒã§è¨€ã†ã£ã¦æ„Ÿã˜ã§ã™ã‹ï¼Ÿï¼Ÿ	text	2022	09	07	æ°´	27	url_num	0	url_remove_length	27
2022/09/07(æ°´)	14:28	ã¯ã‚‹ãª	ã‚°ãƒ«ãƒ¼ãƒ—ã§ã‚‚ã“ã¡ã‚ƒã§ã‚‚ã„ã„ã‚ˆï¼	text	2022	09	07	æ°´	15	url_num	0	url_remove_length	15
2022/09/07(æ°´)	14:29	ä¸€è‘‰	äº†è§£ã§ã™ğŸ«¡	text	2022	09	07	æ°´	5	url_num	0	url_remove_length	5
2022/09/07(æ°´)	14:38	ã¯ã‚‹ãª	[ã‚¹ã‚¿ãƒ³ãƒ—]	text	2022	09	07	æ°´	7	url_num	0	url_remove_length	7
2022/09/30(é‡‘)	23:10	ä¸€è‘‰	ã¯ã‚‹ãªã•ã‚“ï¼å¥³å­ã‚‚ãŠé¢¨å‘‚å…¥ã‚‹ã‚“ã§ã™ã‹ï¼Ÿ	text	2022	09	30	é‡‘	19	url_num	0	url_remove_length	19
2022/09/30(é‡‘)	23:12	ã¯ã‚‹ãª	ã¯ã„ã‚‹ã‚ˆãƒ¼ï¼ç ‚ã§æ±šã‚Œã‚‹ã‹ã‚‰ğŸ¥²	text	2022	09	30	é‡‘	14	url_num	0	url_remove_length	14
2022/09/30(é‡‘)	23:14	ä¸€è‘‰	ç”Ÿç†ã§å…¥ã‚Šã«ãã„ã‚“ã§ã™ã‘ã©ã©ã†ã—ãŸã‚‰ã„ã„ã§ã™ã‹ã­ğŸ’¦	text	2022	09	30	é‡‘	25	url_num	0	url_remove_length	25
2022/09/30(é‡‘)	23:14	ä¸€è‘‰	é«ªã¨ã‹ã‚‚ã‚¬ãƒƒãƒ„ãƒªæ´—ã†æ„Ÿã˜ã§ã™ã‹ï¼Ÿ	text	2022	09	30	é‡‘	16	url_num	0	url_remove_length	16
2022/09/30(é‡‘)	23:16	ã¯ã‚‹ãª	ãã‚Œã¯ä»•æ–¹ãªã„ï¼ï¼	text	2022	09	30	é‡‘	9	url_num	0	url_remove_length	9
2022/09/30(é‡‘)	23:16	ã¯ã‚‹ãª	æ´—ã†ã¯ãšï¼	text	2022	09	30	é‡‘	5	url_num	0	url_remove_length	5
2022/09/30(é‡‘)	23:18	ä¸€è‘‰	ã§ã™ã‚ˆã­ã€ã€	text	2022	09	30	é‡‘	6	url_num	0	url_remove_length	6
2022/09/30(é‡‘)	23:19	ä¸€è‘‰	æ®‹å¿µã§ã™ï¼	text	2022	09	30	é‡‘	5	url_num	0	url_remove_length	5
2022/09/30(é‡‘)	23:19	ã¯ã‚‹ãª	è¡€ãŒå°‘ãªã‹ã£ãŸã‚‰ã€ã‚·ãƒ£ãƒ¯ãƒ¼ã ã‘ã§ã‚‚å…¥ã‚‹ï¼Ÿã©ã£ã¡ã§ã‚‚è‰¯ã„ã‚ˆğŸ¥²	text	2022	09	30	é‡‘	29	url_num	0	url_remove_length	29
2022/09/30(é‡‘)	23:19	ã¯ã‚‹ãª	ç”³ã—è¨³ãªã„ã‘ã©å¾…ã£ã¦ã‚‚ã‚‰ã†äº‹ã«ãªã‚‹ğŸ˜­ğŸ˜­	text	2022	09	30	é‡‘	19	url_num	0	url_remove_length	19
2022/09/30(é‡‘)	23:20	ä¸€è‘‰	ããƒ¼ã§ã™ã­ã€ã€	text	2022	09	30	é‡‘	7	url_num	0	url_remove_length	7
2022/09/30(é‡‘)	23:20	ä¸€è‘‰	ä¸€å¿œæº–å‚™ã—ã¨ãã¾ã™ï¼	text	2022	09	30	é‡‘	10	url_num	0	url_remove_length	10
2022/09/30(é‡‘)	23:21	ã¯ã‚‹ãª	ã”ã‚ã‚“ã­ğŸ˜­ä»–ã®ä¸€å¹´ç”Ÿã«ä»²é–“ãŠã‚‰ã‚“ï¼Ÿï¼Ÿ	text	2022	09	30	é‡‘	18	url_num	0	url_remove_length	18
2022/09/30(é‡‘)	23:22	ã¯ã‚‹ãª	è¿‘ãã«ãªã‚“ã‹ãŠåº—ã‚ã£ãŸã‚‰ãã“ä¸‹ã‚ã—ã¦æ™‚é–“æ½°ã™ã¨ã‹ãªã‚“ã‹é…æ…®ã™ã‚‹ã­ï¼ï¼	text	2022	09	30	é‡‘	34	url_num	0	url_remove_length	34
2022/09/30(é‡‘)	23:23	ä¸€è‘‰	ã„ã‚‹ã‹ã‚‚ã—ã‚Œãªã„ã§ã™ï¼ã‚ã‚ŠãŒã¨ã†ã”ã–ã„ã¾ã™ğŸ˜­	text	2022	09	30	é‡‘	23	url_num	0	url_remove_length	23
2022/10/01(åœŸ)	00:04	ã¯ã‚‹ãª	[ã‚¹ã‚¿ãƒ³ãƒ—]	text	2022	10	01	åœŸ	7	url_num	0	url_remove_length	7
2022/10/02(æ—¥)	11:10	ä¸€è‘‰	ã¯ã‚‹ãªã•ã‚“ï¼ã“ã®æ•™ç§‘æ›¸ã‚‚ã‚‰ãˆãŸã‚Šã—ãªã„ã§ã™ã‹ã­ï¼Ÿï¼Ÿ	text	2022	10	02	æ—¥	25	url_num	0	url_remove_length	25
2022/10/02(æ—¥)	11:10	ä¸€è‘‰	[å†™çœŸ]	å†™çœŸ	2022	10	02	æ—¥	4				
2022/10/02(æ—¥)	14:22	ã¯ã‚‹ãª	ã„ã„ã‚ˆãƒ¼ï¼å¹´åº¦ãŒé•ã†ã‘ã©ã„ã„ï¼Ÿï¼Ÿä¸€å¿œæŒã£ã¨ããŸã„ã‹ã‚‰è²¸ã™å½¢ã§ã‚‚å¤§ä¸ˆå¤«ï¼ï¼Ÿ	text	2022	10	02	æ—¥	36	url_num	0	url_remove_length	36
2022/10/02(æ—¥)	14:42	ä¸€è‘‰	ã»ã‚“ã¨ã§ã™ã‹ï¼ï¼å¹´åº¦ãŒé•ã†ãªã‚‰è‡ªåˆ†ã‚‚è²·ã£ã¨ãã¾ã™ï¼ã‚ã‚ŠãŒã¨ã†ã”ã–ã„ã¾ã™ğŸ™‡â€â™€ï¸	text	2022	10	02	æ—¥	39	url_num	0	url_remove_length	39
2022/10/02(æ—¥)	15:57	ã¯ã‚‹ãª	ã¯ãƒ¼ã„ï¼ï¼	text	2022	10	02	æ—¥	6	url_num	0	url_remove_length	6
2022/10/10(æœˆ)	22:14	ä¸€è‘‰	[å†™çœŸ]	å†™çœŸ	2022	10	10	æœˆ	4				
2022/10/10(æœˆ)	22:15	ä¸€è‘‰	ã¯ã‚‹ãªã•ã‚“ï¼å¾¡å…ãªã•ã„ã€ç§ã“ã‚Œã‚„ã‚‹ã®ã‚ã£ã¡ã‚ƒå¿˜ã‚Œã¦ã¦ã€ä»Šã‚„ã£ãŸã‚“ã§ã™ã‘ã©	text	2022	10	10	æœˆ	36	url_num	0	url_remove_length	36
2022/10/10(æœˆ)	22:15	ä¸€è‘‰	æ–°äººæˆ¦å‡ºã‚Œã¾ã›ã‚“ã‹ã­ã€ã€ï¼Ÿ	text	2022	10	10	æœˆ	13	url_num	0	url_remove_length	13
2022/10/10(æœˆ)	22:51	ã¯ã‚‹ãª	åˆ†ã‹ã‚‰ãªã„ã€ã€ãªã‚“ã‚‚ãƒ¡ãƒ¼ãƒ«æ¥ã¦ãªã„ã—å¤§ä¸ˆå¤«ã ã¨æ€ã†	text	2022	10	10	æœˆ	25	url_num	0	url_remove_length	25
2022/10/10(æœˆ)	22:58	ä¸€è‘‰	ã‚ã‹ã‚Šã¾ã—ãŸï¼ãã‚Œãªã‚‰è‰¯ã‹ã£ãŸã§ã™	text	2022	10	10	æœˆ	17	url_num	0	url_remove_length	17
2022/10/10(æœˆ)	22:58	ä¸€è‘‰	ã‚ã‚ŠãŒã¨ã†ã”ã–ã„ã¾ã™	text	2022	10	10	æœˆ	10	url_num	0	url_remove_length	10
2022/10/10(æœˆ)	23:14	ã¯ã‚‹ãª	[ã‚¹ã‚¿ãƒ³ãƒ—]	text	2022	10	10	æœˆ	7	url_num	0	url_remove_length	7
2022/11/04(é‡‘)	17:45	ã¯ã‚‹ãª	ã„ã¡ã¯ã€œã€ä¸€å¿œå…è¨±è¨¼ã®å†™çœŸã‚‚ã‚‰ã£ã¦ã„ã„ï¼Ÿ	text	2022	11	04	é‡‘	20	url_num	0	url_remove_length	20
2022/11/04(é‡‘)	17:47	ä¸€è‘‰	[å†™çœŸ]	å†™çœŸ	2022	11	04	é‡‘	4				
2022/11/04(é‡‘)	17:47	ä¸€è‘‰	ã¯ã„ï¼	text	2022	11	04	é‡‘	3	url_num	0	url_remove_length	3
2022/11/04(é‡‘)	17:52	ã¯ã‚‹ãª	ã‚ã‚ŠãŒã¨ã†ï¼	text	2022	11	04	é‡‘	6	url_num	0	url_remove_length	6
2022/11/04(é‡‘)	22:29	ä¸€è‘‰	æ˜æ—¥ä½•æ™‚é›†åˆã§ã™ã‹ï¼Ÿ	text	2022	11	04	é‡‘	10	url_num	0	url_remove_length	10
2022/11/04(é‡‘)	22:34	ã¯ã‚‹ãª	8æ™‚ï¼ä»Šã‹ã‚‰é€ã‚‹ã­ã”ã‚ã‚“ï¼	text	2022	11	04	é‡‘	13	url_num	0	url_remove_length	13
2022/11/04(é‡‘)	22:43	ä¸€è‘‰	äº†è§£ã§ã™	text	2022	11	04	é‡‘	5	url_num	0	url_remove_length	5
2022/12/18(æ—¥)	15:22	ä¸€è‘‰	ãƒ†ã‚¹ãƒˆæœŸé–“ã¯1/21ã‹ã‚‰ã‚µãƒ¼ã‚¯ãƒ«ä¼‘ã¿ã§ã™ã‹ï¼Ÿ	text	2022	12	18	æ—¥	22	url_num	0	url_remove_length	22
2022/12/18(æ—¥)	15:36	ã¯ã‚‹ãª	21ã¾ã§ã‚ã‚‹ã¯ãšï¼	text	2022	12	18	æ—¥	9	url_num	0	url_remove_length	9
2022/12/18(æ—¥)	15:37	ä¸€è‘‰	23ã‹ã‚‰ä¼‘ã¿ã£ã¦æ„Ÿã˜ã§ã™ã‹ï¼Ÿï¼Ÿ	text	2022	12	18	æ—¥	15	url_num	0	url_remove_length	15
2022/12/18(æ—¥)	15:38	ã¯ã‚‹ãª	ãã†ï¼	text	2022	12	18	æ—¥	3	url_num	0	url_remove_length	3
2022/12/18(æ—¥)	15:38	ä¸€è‘‰	ãŠã‘ã§ã™ï¼	text	2022	12	18	æ—¥	5	url_num	0	url_remove_length	5
2022/12/18(æ—¥)	15:41	ã¯ã‚‹ãª	[ã‚¹ã‚¿ãƒ³ãƒ—]	text	2022	12	18	æ—¥	7	url_num	0	url_remove_length	7
2023/01/28(åœŸ)	20:19	system	ä¸€è‘‰ãŒãƒ¡ãƒƒã‚»ãƒ¼ã‚¸ã®é€ä¿¡ã‚’å–ã‚Šæ¶ˆã—ã¾ã—ãŸ	text	2023	01	28	åœŸ	20	url_num	0	url_remove_length	20
2023/02/28(ç«)	17:11	system	ä¸€è‘‰ãŒãƒ¡ãƒƒã‚»ãƒ¼ã‚¸ã®é€ä¿¡ã‚’å–ã‚Šæ¶ˆã—ã¾ã—ãŸ	text	2023	02	28	ç«	19	url_num	0	url_remove_length	19
2023/02/28(ç«)	17:11	ä¸€è‘‰	ã¯ã‚‹ãªã•ã‚“æ£®ä¸‹ã®å…è¨±è¨¼ã®å†™çœŸãªã„ã§ã™ã‹ï¼	text	2023	02	28	ç«	20	url_num	0	url_remove_length	20
2023/02/28(ç«)	18:07	ã¯ã‚‹ãª	[å†™çœŸ]	å†™çœŸ	2023	02	28	ç«	4				
2023/02/28(ç«)	18:07	ã¯ã‚‹ãª	é–“ã«åˆã£ãŸï¼ŸğŸ˜­	text	2023	02	28	ç«	7	url_num	0	url_remove_length	7
2023/02/28(ç«)	18:08	ä¸€è‘‰	ã‚ã–ã™ï¼ï¼	text	2023	02	28	ç«	5	url_num	0	url_remove_length	5
2023/02/28(ç«)	18:09	ã¯ã‚‹ãª	[ã‚¹ã‚¿ãƒ³ãƒ—]	text	2023	02	28	ç«	7	url_num	0	url_remove_length	7
2023/03/06(æœˆ)	17:26	ä¸€è‘‰	ã¯ã‚‹ãªã•ã‚“ï¼ã†ã‚ã®ç©ºå¥³å­ã®ãƒ­ã‚°ã‚¤ãƒ³idæ•™ãˆã¦ãã ã•ã„ï¼	text	2023	03	06	æœˆ	27	url_num	0	url_remove_length	27
2023/03/06(æœˆ)	20:27	ã¯ã‚‹ãª	"""ãƒ¦ãƒ¼ã‚¶ãƒ¼å<br>sorajo_2022<br>ãƒ‘ã‚¹ãƒ¯ãƒ¼ãƒ‰<br>kyuukyokujoshi"""	text	2023	03	06	æœˆ	40	url_num	0	url_remove_length	40
2023/03/06(æœˆ)	20:27	ã¯ã‚‹ãª	ã“ã‚Œã§è¡Œã‘ã‚‹ã‹ãªï¼Ÿ	text	2023	03	06	æœˆ	9	url_num	0	url_remove_length	9
2023/03/06(æœˆ)	22:40	ä¸€è‘‰	ãªã‚“ã‹å…¥ã‚Œãªã„ã§ã™ğŸ’¦	text	2023	03	06	æœˆ	10	url_num	0	url_remove_length	10
2023/03/06(æœˆ)	22:42	ã¯ã‚‹ãª	2021ã®ã¾ã¾ã ã£ãŸï¼	text	2023	03	06	æœˆ	11	url_num	0	url_remove_length	11
2023/03/06(æœˆ)	22:46	ä¸€è‘‰	ãŠã‘ã§ã™ï¼	text	2023	03	06	æœˆ	5	url_num	0	url_remove_length	5
2023/03/06(æœˆ)	22:47	ä¸€è‘‰	ã“ã‚Œå¥³å­ã‚‚å‹•ã‹ã—ãŸæ–¹ãŒè‰¯ãã§ã™ã‹ï¼Ÿï¼Ÿ	text	2023	03	06	æœˆ	18	url_num	0	url_remove_length	18
2023/03/06(æœˆ)	22:48	ã¯ã‚‹ãª	ã©ã£ã¡ã§ã‚‚ã„ã„ã‚ˆï¼ä¸€æ˜¨å¹´ã¾ã§å¥³å­ã—ã‹ãªãã¦ã€å»å¹´å…¨ä½“ã®ä½œã£ãŸã‹ã‚‰ã€å…¨ä½“ã ã‘ä½¿ã£ã¦ã‚‚ã‚‰ã£ã¦ã‚‚ã„ã„ã¨æ€ã†ï¼	text	2023	03	06	æœˆ	51	url_num	0	url_remove_length	51
2023/03/06(æœˆ)	22:50	ä¸€è‘‰	ãŠã‘ã§ã™ï¼	text	2023	03	06	æœˆ	6	url_num	0	url_remove_length	6
2023/03/09(æœ¨)	10:38	ã¯ã‚‹ãª	[å†™çœŸ]	å†™çœŸ	2023	03	09	æœ¨	4				
2023/03/09(æœ¨)	10:38	ã¯ã‚‹ãª	[å†™çœŸ]	å†™çœŸ	2023	03	09	æœ¨	4				
2023/03/09(æœ¨)	10:38	ã¯ã‚‹ãª	[å†™çœŸ]	å†™çœŸ	2023	03	09	æœ¨	4				
2023/03/09(æœ¨)	13:31	ã¯ã‚‹ãª	[å†™çœŸ]	å†™çœŸ	2023	03	09	æœ¨	4				
2023/03/09(æœ¨)	13:31	ã¯ã‚‹ãª	[å†™çœŸ]	å†™çœŸ	2023	03	09	æœ¨	4				
2023/03/09(æœ¨)	13:31	ã¯ã‚‹ãª	[å†™çœŸ]	text	2023	03	09	æœ¨	5	url_num	0	url_remove_length	5
2023/04/04(ç«)	22:24	ä¸€è‘‰	ã¯ã‚‹ãªã•ã‚“ã£ã¦ã©ã“ã®ç ”ç©¶å®¤ã®å…ˆç«¯å–ã£ã¦ã¾ã—ãŸï¼Ÿï¼Ÿ	text	2023	04	04	ç«	24	url_num	0	url_remove_length	24
2023/04/04(ç«)	22:56	ã¯ã‚‹ãª	éŠæ©‹å…ˆç”Ÿã®ã¨ã“ã‚ã ã‚ˆãƒ¼ï¼	text	2023	04	04	ç«	12	url_num	0	url_remove_length	12
2023/04/04(ç«)	22:58	ä¸€è‘‰	æ¥½ã§ã—ãŸï¼Ÿï¼Ÿ	text	2023	04	04	ç«	6	url_num	0	url_remove_length	6
2023/04/04(ç«)	22:58	ä¸€è‘‰	ã©ã“ã®å…ˆç«¯ãŒã„ã„ã‚“ã§ã™ã‹ã­ã€ã€	text	2023	04	04	ç«	15	url_num	0	url_remove_length	15
2023/04/04(ç«)	22:59	ã¯ã‚‹ãª	ãƒ—ãƒ­ã‚°ãƒ©ãƒŸãƒ³ã‚°ç­ã¨ã‚³ãƒ³ãƒ†ãƒ³ãƒ„ç­ã«åˆ†ã‹ã‚Œã¦ã¦ã€ã‚³ãƒ³ãƒ†ãƒ³ãƒ„ã¯æ¥½ã ã‚ˆï¼	text	2023	04	04	ç«	32	url_num	0	url_remove_length	32
2023/04/04(ç«)	23:00	ã¯ã‚‹ãª	"""å¹´ã«ã‚ˆã£ã¦å…ˆç«¯é•ã†ã‹ã‚‰ã€èª°å…ˆç”Ÿã®ãŒã‚ã‚‹ï¼Ÿ<br>ã‚¤ãƒ³ã‚¿ãƒ©ã‚¯ã‚·ãƒ§ãƒ³ã®ã‚„ã¤ã¯å¤§å¤‰ã ã¨æ€ã†ç¬‘"""	text	2023	04	04	ç«	42	url_num	0	url_remove_length	42
2023/04/04(ç«)	23:00	ä¸€è‘‰	ã¾ã ã‚¬ã‚¤ãƒ€ãƒ³ã‚¹å—ã‘ã¦ãªãã¦ã‚ã‹ã‚‰ãªã„ã‚“ã§ã™ã‚ˆã­ã€ã€ã€	text	2023	04	04	ç«	26	url_num	0	url_remove_length	26
2023/04/04(ç«)	23:01	ä¸€è‘‰	å…ˆç«¯ã¨ã‚‹ã¹ãã§ã™ã‹ï¼Ÿï¼Ÿ	text	2023	04	04	ç«	11	url_num	0	url_remove_length	11
2023/04/04(ç«)	23:01	ä¸€è‘‰	ã‚ã¨ã€é¸æŠç§‘ç›®ã¨ã‹ãªã«å–ã£ã¦ã¾ã—ãŸï¼Ÿï¼Ÿ	text	2023	04	04	ç«	19	url_num	0	url_remove_length	19
2023/04/04(ç«)	23:03	ã¯ã‚‹ãª	é¢ç™½ãã†ãªã®ã‚ã£ãŸã‚‰å–ã‚Œã°è‰¯ã„ã¨æ€ã†ã‚ˆï¼é«˜å£å…ˆç”Ÿã®ã¯å¤šåˆ†æ¥½ï¼	text	2023	04	04	ç«	30	url_num	0	url_remove_length	30
2023/04/04(ç«)	23:05	ã¯ã‚‹ãª	å‰æœŸã¯ICTçµŒæ¸ˆè«–ã¨çµŒå–¶ç®¡ç†ã¨æ•™é¤Šï¼’ã¤ã¨è‹±èªå–ã£ã¦ãŸï¼	text	2023	04	04	ç«	27	url_num	0	url_remove_length	27
2023/04/04(ç«)	23:06	ä¸€è‘‰	äº†è§£ã§ã™ï¼	text	2023	04	04	ç«	5	url_num	0	url_remove_length	5
2023/04/04(ç«)	23:06	ä¸€è‘‰	ã“ã®ä¸­ã«å˜ä½å–ã‚Šã«ãã„ã®ã‚ã‚Šã¾ã—ãŸï¼Ÿ	text	2023	04	04	ç«	18	url_num	0	url_remove_length	18
2023/04/04(ç«)	23:08	ã¯ã‚‹ãª	ãªã„ã‚ˆï¼	text	2023	04	04	ç«	4	url_num	0	url_remove_length	4
2023/04/04(ç«)	23:08	ã¯ã‚‹ãª	ç¤¾ä¼šèª¿æŸ»æ³•ã¯ã‚ã‚“ã©ãã†ã ã£ãŸï¼ã‚ã£ã¡ã‚ƒã‚°ãƒ«ãƒ¼ãƒ—ãƒ¯ãƒ¼ã‚¯	text	2023	04	04	ç«	26	url_num	0	url_remove_length	26
2023/04/04(ç«)	23:09	ä¸€è‘‰	ã‚ã‹ã‚Šã¾ã—ãŸï¼	text	2023	04	04	ç«	7	url_num	0	url_remove_length	7
2023/04/04(ç«)	23:09	ä¸€è‘‰	26å˜ä½ãã‚‰ã„å–ã£ã¦ã¾ã—ãŸï¼Ÿï¼Ÿ	text	2023	04	04	ç«	15	url_num	0	url_remove_length	15
2023/04/04(ç«)	23:10	ã¯ã‚‹ãª	2å¤–ã‚„ã‚ã¦ã‚¹ãƒãƒ¼ãƒ„å–ã£ã¦ãŸã‹ã‚‰25å˜ä½ï¼ğŸ‘ğŸ»	text	2023	04	04	ç«	22	url_num	0	url_remove_length	22
2023/04/04(ç«)	23:10	ã¯ã‚‹ãª	ã‚ã¨å…ˆç«¯ã§2å˜ä½ã‹ãª	text	2023	04	04	ç«	10	url_num	0	url_remove_length	10
2023/04/04(ç«)	23:11	ä¸€è‘‰	äº†è§£ã§ã™ï¼	text	2023	04	04	ç«	5	url_num	0	url_remove_length	5
2023/04/04(ç«)	23:11	ä¸€è‘‰	ã‚ã‚ŠãŒã¨ã†ã”ã–ã„ã¾ã™ï¼	text	2023	04	04	ç«	11	url_num	0	url_remove_length	11
2023/04/04(ç«)	23:11	ã¯ã‚‹ãª	[ã‚¹ã‚¿ãƒ³ãƒ—]	text	2023	04	04	ç«	7	url_num	0	url_remove_length	7
2023/04/21(é‡‘)	16:41	ä¸€è‘‰	ãƒ‡ãƒ™è«–ã®éå»å•æŒã£ã¦ãŸã‚‰ä¸‹ã•ã„ï¼ğŸ˜­	text	2023	04	21	é‡‘	18	url_num	0	url_remove_length	18
2023/04/22(åœŸ)	19:35	ã¯ã‚‹ãª	[ãƒ•ã‚¡ã‚¤ãƒ«]	ãƒ•ã‚¡ã‚¤ãƒ«	2023	04	22	åœŸ	6				
2023/04/22(åœŸ)	19:36	ã¯ã‚‹ãª	ã‚†ã´ã•ã‚“ã«ã“ã‚Œã‚ˆã‚Šå‰ã®ã‚„ã¤ã‚‚ã‚‰ã£ãŸï¼Ÿ	text	2023	04	22	åœŸ	18	url_num	0	url_remove_length	18
2023/04/22(åœŸ)	19:37	ä¸€è‘‰	ã‚ã‚ŠãŒã¨ã†ã”ã–ã„ã¾ã™ï¼ğŸ˜­	text	2023	04	22	åœŸ	12	url_num	0	url_remove_length	12
2023/04/22(åœŸ)	19:37	ä¸€è‘‰	ã‚‚ã‚‰ã£ã¦ãªã„ã§ã™	text	2023	04	22	åœŸ	8	url_num	0	url_remove_length	8
2023/04/22(åœŸ)	19:38	ã¯ã‚‹ãª	[ãƒ•ã‚¡ã‚¤ãƒ«]	ãƒ•ã‚¡ã‚¤ãƒ«	2023	04	22	åœŸ	6				
2023/04/22(åœŸ)	19:40	ä¸€è‘‰	ã‚ã‚ŠãŒã¨ã†ã”ã–ã„ã¾ã™ï¼	text	2023	04	22	åœŸ	11	url_num	0	url_remove_length	11
2023/04/22(åœŸ)	19:40	ã¯ã‚‹ãª	[ã‚¹ã‚¿ãƒ³ãƒ—]	text	2023	04	22	åœŸ	7	url_num	0	url_remove_length	7
2023/06/19(æœˆ)	10:25	ä¸€è‘‰	æ˜æ—¥ç·´ç¿’ã®å‰ã«è©±ã—ãŸã„ã‚“ã§ã™ã‘ã©æ™‚é–“ã‚ã‚Šã¾ã™ã‹ğŸ¥º	text	2023	06	19	æœˆ	24	url_num	0	url_remove_length	24
2023/06/19(æœˆ)	11:48	ã¯ã‚‹ãª	å¤§ä¸ˆå¤«ã ã‚ˆãƒ¼ï¼ä½•æ™‚ãã‚‰ã„ï¼Ÿ	text	2023	06	19	æœˆ	13	url_num	0	url_remove_length	13
2023/06/19(æœˆ)	12:36	ä¸€è‘‰	7æ™‚ãã‚‰ã„ã«ãƒªãƒ•ãƒ¬ã§ãŠé¡˜ã„ã—ã¾ã™ï¼ï¼ï¼ã€€	text	2023	06	19	æœˆ	20	url_num	0	url_remove_length	20
2023/06/19(æœˆ)	12:43	ã¯ã‚‹ãª	ãŠã‘ï¼ï¼	text	2023	06	19	æœˆ	5	url_num	0	url_remove_length	5
2023/06/20(ç«)	18:58	ã¯ã‚‹ãª	ç”·å­ãŒä¸€éšä½¿ã£ã¦ã‚‹ã‘ã©2éšã«ã„ã‚‹ï¼Ÿ	text	2023	06	20	ç«	17	url_num	0	url_remove_length	17
2023/06/20(ç«)	18:58	ä¸€è‘‰	3éšã«ã„ã¾ã™ï¼	text	2023	06	20	ç«	7	url_num	0	url_remove_length	7
2023/06/20(ç«)	18:58	ã¯ã‚‹ãª	ãŠã‘ï¼	text	2023	06	20	ç«	4	url_num	0	url_remove_length	4
2023/06/22(æœ¨)	19:47	ã¯ã‚‹ãª	[ãƒ•ã‚¡ã‚¤ãƒ«]	text	2023	06	22	æœ¨	7	url_num	0	url_remove_length	7
2023/07/18(ç«)	02:34	ä¸€è‘‰	ç§ã¯ã‚‹ãªã•ã‚“ãŒå¿˜ã‚Œã¦å¸°ã£ãŸæ—¥å‚˜æŒã£ã¦ã‚‹ã‚“ã§ã™ã‘ã©ã©ã†ã—ãŸã‚‰ã„ã„ã§ã™ã‹ï¼	text	2023	07	18	ç«	35	url_num	0	url_remove_length	35
2023/07/18(ç«)	02:35	ã¯ã‚‹ãª	ã”ã‚ã‚“ï¼ï¼ï¼æ˜æ—¥æˆæ¥­ã‚ã‚‹ï¼Ÿï¼Ÿ	text	2023	07	18	ç«	14	url_num	0	url_remove_length	14
2023/07/18(ç«)	08:54	ä¸€è‘‰	åˆå¾Œã‹ã‚‰ã‚ã‚Šã¾ã™ï¼	text	2023	07	18	ç«	9	url_num	0	url_remove_length	9
2023/07/18(ç«)	09:21	ã¯ã‚‹ãª	ã‚„ã£ã±æ¬¡ã®ã‚µãƒ¼ã‚¯ãƒ«ã§ã„ã„ã‚ˆï¼ã”ã‚ã‚“ã‚ã‚ŠãŒã¨ã†ï¼	text	2023	07	18	ç«	23	url_num	0	url_remove_length	23
2023/07/18(ç«)	09:35	ä¸€è‘‰	äº†è§£ã§ã™ï¼	text	2023	07	18	ç«	5	url_num	0	url_remove_length	5
2023/07/18(ç«)	12:41	ã¯ã‚‹ãª	ã‚ã‚ŠãŒã¨ã†ğŸ™‡ğŸ»â€â™€ï¸	text	2023	07	18	ç«	11	url_num	0	url_remove_length	11
2023/07/20(æœ¨)	08:56	ä¸€è‘‰	ãƒ‡ãƒ¼ã‚¿ãƒ™ãƒ¼ã‚¹ã®æœ¬ã£ã¦è²·ã„ã¾ã—ãŸã‹ï¼Ÿï¼Ÿ	text	2023	07	20	æœ¨	18	url_num	0	url_remove_length	18
2023/07/20(æœ¨)	11:41	ã¯ã‚‹ãª	è²·ã„ã¾ã—ãŸï¼	text	2023	07	20	æœ¨	6	url_num	0	url_remove_length	6
2023/07/20(æœ¨)	13:06	ä¸€è‘‰	è²·ã‚ãªã„ã¨ãƒ†ã‚¹ãƒˆãã¤ã„ã§ã™ã‹ã­ï¼Ÿï¼Ÿ	text	2023	07	20	æœ¨	17	url_num	0	url_remove_length	17
2023/07/20(æœ¨)	13:26	ã¯ã‚‹ãª	ãã‚“ãªäº‹ãªã„ã¨æ€ã†ã‚ˆã€œ	text	2023	07	20	æœ¨	11	url_num	0	url_remove_length	11
2023/07/20(æœ¨)	13:26	ã¯ã‚‹ãª	è²¸ãã†ã‹ï¼Ÿ	text	2023	07	20	æœ¨	5	url_num	0	url_remove_length	5
2023/07/20(æœ¨)	13:30	ä¸€è‘‰	è²¸ã—ã¦æ¬²ã—ã„ã§ã™ğŸ¥º	text	2023	07	20	æœ¨	9	url_num	0	url_remove_length	9
2023/07/20(æœ¨)	13:30	ã¯ã‚‹ãª	æ˜æ—¥ã§ã‚‚å¤§ä¸ˆå¤«ï¼Ÿï¼Ÿ	text	2023	07	20	æœ¨	9	url_num	0	url_remove_length	9
2023/07/20(æœ¨)	13:35	ä¸€è‘‰	å¤§ä¸ˆå¤«ã§ã™ï¼	text	2023	07	20	æœ¨	6	url_num	0	url_remove_length	6
2023/07/20(æœ¨)	14:28	ã¯ã‚‹ãª	ã„ã¤ãŒã„ã„ãƒ¼ï¼Ÿç§ã¯ã„ã¤ã§ã‚‚å¤§ä¸ˆå¤«ï¼	text	2023	07	20	æœ¨	17	url_num	0	url_remove_length	17
2023/07/20(æœ¨)	14:29	ä¸€è‘‰	2ã‚³ãƒã®å¾Œã¨ã‹ã«å­¦æ ¡ã„ãŸã‚‰æ¬²ã—ã„ã§ã™ï¼	text	2023	07	20	æœ¨	19	url_num	0	url_remove_length	19
2023/07/20(æœ¨)	14:30	ã¯ã‚‹ãª	äº†è§£ï¼	text	2023	07	20	æœ¨	4	url_num	0	url_remove_length	4
2023/07/21(é‡‘)	11:18	ä¸€è‘‰	2ã‚³ãƒç›®æˆæ¥­ã‚ã‚Šã¾ã™ï¼Ÿï¼Ÿ	text	2023	07	21	é‡‘	12	url_num	0	url_remove_length	12
2023/07/21(é‡‘)	11:18	ã¯ã‚‹ãª	ãªã„ï¼	text	2023	07	21	é‡‘	3	url_num	0	url_remove_length	3
2023/07/21(é‡‘)	11:19	ã¯ã‚‹ãª	ã‚‚ã†çµ‚ã‚ã£ã¡ã‚ƒã£ãŸï¼Ÿ	text	2023	07	21	é‡‘	10	url_num	0	url_remove_length	10
2023/07/21(é‡‘)	11:22	ä¸€è‘‰	ã¾ã çµ‚ã‚ã£ã¦ãªã„ã§ã™ï¼ã§ã‚‚æ—©ã‚ã«çµ‚ã‚ã‚‹ã‹ã‚‚ã§ã™ï¼	text	2023	07	21	é‡‘	24	url_num	0	url_remove_length	24
2023/07/21(é‡‘)	11:24	ã¯ã‚‹ãª	ãŠã£ã‘ã„ï¼	text	2023	07	21	é‡‘	5	url_num	0	url_remove_length	5
2023/07/21(é‡‘)	11:37	system	ä¸€è‘‰ãŒãƒ¡ãƒƒã‚»ãƒ¼ã‚¸ã®é€ä¿¡ã‚’å–ã‚Šæ¶ˆã—ã¾ã—ãŸ	text	2023	07	21	é‡‘	19	url_num	0	url_remove_length	19
2023/07/21(é‡‘)	11:39	ä¸€è‘‰	çµ‚ã‚ã‚Šã¾ã—ãŸï¼ä»Šå…±é€šè¬›ç¾©ã¨ã†ãªã‚“ã§ã™ã‘ã©ã©ã“è¡Œã£ãŸã‚‰ã„ã„ã§ã™ã‹ï¼Ÿ	text	2023	07	21	é‡‘	32	url_num	0	url_remove_length	32
2023/07/21(é‡‘)	11:43	ã¯ã‚‹ãª	ä»Šç€ã„ãŸãƒ¼ã„ãã­	text	2023	07	21	é‡‘	8	url_num	0	url_remove_length	8
2023/07/21(é‡‘)	11:44	ä¸€è‘‰	ã‚ã‚ŠãŒã¨ã†ã”ã–ã„ã¾ã™ğŸ™	text	2023	07	21	é‡‘	11	url_num	0	url_remove_length	11
2023/07/21(é‡‘)	11:44	ã¯ã‚‹ãª	ã©ã“ã ãƒ¼ï¼	text	2023	07	21	é‡‘	5	url_num	0	url_remove_length	5
2023/07/21(é‡‘)	11:45	ã¯ã‚‹ãª	ä½•éšï¼Ÿ	text	2023	07	21	é‡‘	3	url_num	0	url_remove_length	3
2023/07/21(é‡‘)	13:22	ä¸€è‘‰	ã‚ã–ã‚ã–ã‚ã‚ŠãŒã¨ã†ã”ã–ã„ã¾ã—ãŸğŸ¥°	text	2023	07	21	é‡‘	16	url_num	0	url_remove_length	16
2023/07/21(é‡‘)	14:15	ã¯ã‚‹ãª	[ã‚¹ã‚¿ãƒ³ãƒ—]	text	2023	07	21	é‡‘	7	url_num	0	url_remove_length	7
2023/07/25(ç«)	12:09	ä¸€è‘‰	ãƒ‡ãƒ™è«–ã®ç­”ãˆã£ã¦ãªã„ã§ã™ã‹ï¼Ÿï¼Ÿ	text	2023	07	25	ç«	15	url_num	0	url_remove_length	15
2023/07/25(ç«)	12:15	ã¯ã‚‹ãª	ç­”ãˆã‚‚ã‚‰ãˆãªã„ã‚“ã ã‚ˆã­ğŸ¥²	text	2023	07	25	ç«	12	url_num	0	url_remove_length	12
2023/07/25(ç«)	12:23	ä¸€è‘‰	ã§ã™ã‚ˆã­ãƒ¼ãƒ¼ã€ã€	text	2023	07	25	ç«	8	url_num	0	url_remove_length	8
2023/07/25(ç«)	12:33	ã¯ã‚‹ãª	ç§ã®ç­”ãˆã‚‚ç‚¹æ•°ä½ã‹ã£ãŸã‹ã‚‰å‚è€ƒã«ãªã‚‰ãªã„ã¨æ€ã†ğŸ™‡ğŸ»â€â™€ï¸ã”ã‚ã‚“ã­ãƒ¼ï¼	text	2023	07	25	ç«	34	url_num	0	url_remove_length	34
2023/07/25(ç«)	12:36	ä¸€è‘‰	äº†è§£ã§ã™ï¼	text	2023	07	25	ç«	5	url_num	0	url_remove_length	5
2023/07/25(ç«)	12:36	ä¸€è‘‰	ã‚ã‚ŠãŒã¨ã†ã”ã–ã„ã¾ã™ğŸ˜­	text	2023	07	25	ç«	12	url_num	0	url_remove_length	12
2023/08/18(é‡‘)	20:55	ã¯ã‚‹ãª	ã¤ãã°ã®äººã¨é€£çµ¡å–ã‚ŒãŸãƒ¼ï¼Ÿãƒã‚¤ãƒˆã§è¿”ä¿¡ã§ããªãã¦ä»»ã›ã¦ã—ã¾ã£ã¦ã”ã‚ã‚“ã­ï¼	text	2023	08	18	é‡‘	36	url_num	0	url_remove_length	36
2023/08/18(é‡‘)	21:04	ä¸€è‘‰	[å†™çœŸ]	å†™çœŸ	2023	08	18	é‡‘	4				
2023/08/18(é‡‘)	21:04	ä¸€è‘‰	ã©ã†ã—ãŸã‚‰ã„ã„ã§ã™ã‹ï¼	text	2023	08	18	é‡‘	11	url_num	0	url_remove_length	11
2023/08/18(é‡‘)	21:07	ã¯ã‚‹ãª	ã‚²ãƒ¼ãƒ ã¨ã‚»ãƒƒãƒˆç·´å›ã—ã¦ã‚„ã‚‹ã®ã§è‰¯ã„ã¨æ€ã„ã¾ã™ï¼	text	2023	08	18	é‡‘	23	url_num	0	url_remove_length	23
2023/08/18(é‡‘)	21:08	ã¯ã‚‹ãª	ã‚„ã‚ŠãŸã„ã£ã¦ä½•ã ã‚ã†ã€ã‚¾ãƒ¼ãƒ³ã¨ã‹ã¾ã§æŒ‡å®šã™ã‚‹ã®ã‹ãªğŸ¥¹ãã‚Œãã‚Œã®ãƒãƒ¼ãƒ ã¨ä¸€å›ã‚²ãƒ¼ãƒ å‡ºæ¥ãŸã‚‰è‰¯ã„ã‹ãªï¼ï¼	text	2023	08	18	é‡‘	50	url_num	0	url_remove_length	50
2023/08/18(é‡‘)	21:14	ä¸€è‘‰	äº†è§£ã§ã™ä¼ãˆã¨ãã¾ã™ï¼	text	2023	08	18	é‡‘	11	url_num	0	url_remove_length	11
2023/08/18(é‡‘)	21:24	ã¯ã‚‹ãª	ã‚ã‚ŠãŒã¨ã†ğŸ™‡ğŸ»â€â™€ï¸ğŸ™‡ğŸ»â€â™€ï¸	text	2023	08	18	é‡‘	16	url_num	0	url_remove_length	16
2023/08/25(é‡‘)	16:40	ä¸€è‘‰	ã—ã‚…ã†ã•ã‚“ã£ã¦å­¦ç”Ÿæ¥ã¾ã™ã‹ï¼Ÿï¼Ÿ	text	2023	08	25	é‡‘	15	url_num	0	url_remove_length	15
2023/08/25(é‡‘)	16:40	ä¸€è‘‰	ã‚¨ãƒ³ãƒˆãƒªãƒ¼ã—ã¦ã‚‹ã¿ãŸã„ãªã‚“ã§ã™ã‘ã©ã€ã€ã€	text	2023	08	25	é‡‘	20	url_num	0	url_remove_length	20
2023/08/25(é‡‘)	16:45	ä¸€è‘‰	ungã®æ™‚ã¯å¤šåˆ†æ¥ã‚‹ã£ã¦ã„ã£ã¦ãŸã‚“ã§ã™ã‘ã©ã€ã€	text	2023	08	25	é‡‘	23	url_num	0	url_remove_length	23
2023/08/25(é‡‘)	16:46	ã¯ã‚‹ãª	æ¥ãªã„ã­ğŸ¥²	text	2023	08	25	é‡‘	5	url_num	0	url_remove_length	5
2023/08/25(é‡‘)	16:46	ä¸€è‘‰	ã»ã‚“ã¨ã§ã™ã‹ï¼ï¼Ÿï¼Ÿ	text	2023	08	25	é‡‘	9	url_num	0	url_remove_length	9
2023/08/25(é‡‘)	16:46	ä¸€è‘‰	ã‚¨ãƒ³ãƒˆãƒªãƒ¼è²»ã¿ã‚“ãªã§å‰²ã‚‹å½¢ã«ãªã£ã¡ã‚ƒã£ã¦ã‚‚ã„ã„ã§ã™ã‹ã­ğŸ’¦	text	2023	08	25	é‡‘	28	url_num	0	url_remove_length	28
2023/08/25(é‡‘)	16:47	ã¯ã‚‹ãª	ã„ã„ã¨æ€ã†ï¼ã”ã‚ã‚“ã­ğŸ˜­	text	2023	08	25	é‡‘	11	url_num	0	url_remove_length	11
2023/08/25(é‡‘)	16:48	ä¸€è‘‰	äº†è§£ã§ã™ï¼	text	2023	08	25	é‡‘	5	url_num	0	url_remove_length	5
2023/08/25(é‡‘)	16:58	system	ä¸€è‘‰ãŒãƒ¡ãƒƒã‚»ãƒ¼ã‚¸ã®é€ä¿¡ã‚’å–ã‚Šæ¶ˆã—ã¾ã—ãŸ	text	2023	08	25	é‡‘	19	url_num	0	url_remove_length	19
2023/08/25(é‡‘)	16:58	ä¸€è‘‰	ã—ã‚…ã†ã•ã‚“æ–°äººæˆ¦ã‚‚æ¥ã‚Œãªã„æ„Ÿã˜ã§ã™ã‹ã­ï¼Ÿ	text	2023	08	25	é‡‘	21	url_num	0	url_remove_length	21
2023/08/26(åœŸ)	06:01	ã¯ã‚‹ãª	è¡Œã‘ã‚‹ã‘ã©ç·´ç¿’è¡Œã‘ã¦ãªã„ã‹ã‚‰è¿·ã†ã ã£ã¦	text	2023	08	26	åœŸ	20	url_num	0	url_remove_length	20
2023/08/30(æ°´)	17:08	ã¯ã‚‹ãª	æ–°äººæˆ¦ç§ã‚‰ã¨è¡Œãã­ï¼	text	2023	08	30	æ°´	10	url_num	0	url_remove_length	10
2023/08/30(æ°´)	20:08	ä¸€è‘‰	äº†è§£ã§ã™ï¼	text	2023	08	30	æ°´	6	url_num	0	url_remove_length	6
2023/10/10(ç«)	09:37	ä¸€è‘‰	ä»Šæ—¥æ•™ç§‘æ›¸ãã ã•ã„ğŸ¥º	text	2023	10	10	ç«	10	url_num	0	url_remove_length	10
2023/10/10(ç«)	12:31	ã¯ã‚‹ãª	ãŠã‘ï¼ï¼ã‚«ãƒãƒ³ã«å…¥ã‚ŒãŸï¼ğŸ‘ğŸ»	text	2023	10	10	ç«	14	url_num	0	url_remove_length	14
2023/10/10(ç«)	12:54	ä¸€è‘‰	[ã‚¹ã‚¿ãƒ³ãƒ—]	ã‚¹ã‚¿ãƒ³ãƒ—	2023	10	10	ç«	6				
2023/10/10(ç«)	22:21	ã¯ã‚‹ãª	ã‚ãŸã—å¿˜ã‚ŒãŸã”ã‚ã‚“ğŸ˜­ğŸ˜­ğŸ˜­ğŸ˜‚ğŸ˜‚	text	2023	10	10	ç«	14	url_num	0	url_remove_length	14
2023/10/10(ç«)	22:21	ã¯ã‚‹ãª	æ˜æ—¥å­¦æ ¡ã„ã‚‹ï¼Ÿ	text	2023	10	10	ç«	7	url_num	0	url_remove_length	7
2023/10/10(ç«)	22:47	ä¸€è‘‰	ã‚ãƒ¼ãƒ¼ãƒ¼ã”ã‚ã‚“ãªã•ã„ï¼	text	2023	10	10	ç«	11	url_num	0	url_remove_length	11
2023/10/10(ç«)	22:47	ä¸€è‘‰	ã„ã¾ã™ï¼Ÿ	text	2023	10	10	ç«	4	url_num	0	url_remove_length	4
2023/10/10(ç«)	22:47	ä¸€è‘‰	ï¼	text	2023	10	10	ç«	1	url_num	0	url_remove_length	1
2023/10/10(ç«)	23:55	ã¯ã‚‹ãª	åˆå¾Œã‹ã‚‰ã„ã‚‹ã‹ã‚‰ã€LINEã—ã¦ãã‚ŒãŸã‚‰æ¸¡ã—ã«è¡Œãï¼	text	2023	10	10	ç«	26	url_num	0	url_remove_length	26
2023/10/11(æ°´)	12:29	ä¸€è‘‰	æœ¨æ›œæ—¥ã§ã‚‚å¤§ä¸ˆå¤«ã§ã™ã‚ˆï¼ï¼ï¼(thumbs up)	text	2023	10	11	æ°´	25	url_num	0	url_remove_length	25
2023/10/11(æ°´)	12:38	ã¯ã‚‹ãª	åˆ†ã‹ã£ãŸï¼ï¼	text	2023	10	11	æ°´	6	url_num	0	url_remove_length	6
2023/10/11(æ°´)	12:39	ä¸€è‘‰	ä»Šæ—¥ãªã‚‰3ã‚³ãƒç›®ã¨4ã‚³ãƒç›®ã®é–“ãªã‚‰è¡Œã‘ã¾ã™ï¼	text	2023	10	11	æ°´	22	url_num	0	url_remove_length	22
2023/10/11(æ°´)	13:13	ã¯ã‚‹ãª	ãŠã‘ãƒ¼ï¼æŒã£ã¦ã„ãï¼ã©ã“ã«ã„ã‚‹ï¼Ÿ	text	2023	10	11	æ°´	16	url_num	0	url_remove_length	16
2023/10/11(æ°´)	13:15	ä¸€è‘‰	æƒ…å ±2å·é¤¨ã§ã™ï¼ã‚ã‚ŠãŒã¨ã†ã”ã–ã„ã¾ã™ğŸ˜­	text	2023	10	11	æ°´	19	url_num	0	url_remove_length	19
2023/10/11(æ°´)	13:16	ã¯ã‚‹ãª	[ã‚¹ã‚¿ãƒ³ãƒ—]	text	2023	10	11	æ°´	7	url_num	0	url_remove_length	7
